community1	OceanDNA-b35291
community1	OceanDNA-b43720
community2	OceanDNA-b35291
community2	OceanDNA-b43096
community3	OceanDNA-b35291
community3	OceanDNA-b35580
community4	OceanDNA-b35291
community4	OceanDNA-b32783
community5	OceanDNA-b35291
community5	OceanDNA-b27632
community6	OceanDNA-b35291
community6	OceanDNA-b35635
community7	OceanDNA-b35291
community7	OceanDNA-b33313
community8	OceanDNA-b35291
community8	OceanDNA-b22922
community9	OceanDNA-b35291
community9	OceanDNA-b43201
community10	OceanDNA-b35291
community10	OceanDNA-b27498
community11	OceanDNA-b35291
community11	OceanDNA-b24012
community12	OceanDNA-b35291
community12	OceanDNA-b35608
community13	OceanDNA-b35291
community13	OceanDNA-b14411
community14	OceanDNA-b35291
community14	OceanDNA-b31471
community15	OceanDNA-b35291
community15	OceanDNA-b35156
community16	OceanDNA-b35291
community16	OceanDNA-b43695
community17	OceanDNA-b35291
community17	OceanDNA-b34225
community18	OceanDNA-b35291
community18	OceanDNA-b19896
community19	OceanDNA-b35291
community19	OceanDNA-b43985
community20	OceanDNA-b35291
community20	OceanDNA-b22828
community21	OceanDNA-b35291
community21	OceanDNA-b27513
community22	OceanDNA-b35291
community22	OceanDNA-b28563
community23	OceanDNA-b35291
community23	OceanDNA-b22445
community24	OceanDNA-b35291
community24	OceanDNA-b46079
community25	OceanDNA-b35291
community25	OceanDNA-b35159
community26	OceanDNA-b35291
community26	OceanDNA-b31421
community27	OceanDNA-b35291
community27	OceanDNA-b43849
community28	OceanDNA-b35291
community28	OceanDNA-b34229
community29	OceanDNA-b35291
community29	OceanDNA-b35530
community30	OceanDNA-b35291
community30	OceanDNA-b44247
community31	OceanDNA-b35291
community31	OceanDNA-b39366
community32	OceanDNA-b35291
community32	OceanDNA-b27600
community33	OceanDNA-b35291
community33	OceanDNA-b32784
community34	OceanDNA-b35291
community34	OceanDNA-b45370
community35	OceanDNA-b35291
community35	OceanDNA-b22840
community36	OceanDNA-b35291
community36	OceanDNA-b44191
community37	OceanDNA-b35291
community37	OceanDNA-b22322
community38	OceanDNA-b35291
community38	OceanDNA-b32265
community39	OceanDNA-b35291
community39	OceanDNA-b41615
community40	OceanDNA-b35291
community40	OceanDNA-b2837
community41	OceanDNA-b35291
community41	OceanDNA-b35233
community42	OceanDNA-b35291
community42	OceanDNA-b31056
community43	OceanDNA-b35291
community43	OceanDNA-b43839
community44	OceanDNA-b35291
community44	OceanDNA-b21367
community45	OceanDNA-b35291
community45	OceanDNA-b41301
community46	OceanDNA-b35291
community46	OceanDNA-b41267
community47	OceanDNA-b35291
community47	OceanDNA-b30636
community48	OceanDNA-b35291
community48	OceanDNA-b43437
community49	OceanDNA-b35291
community49	OceanDNA-b17614
community50	OceanDNA-b35291
community50	OceanDNA-b39492
community51	OceanDNA-b35291
community51	OceanDNA-b41211
community52	OceanDNA-b35291
community52	OceanDNA-b17128
community53	OceanDNA-b35291
community53	OceanDNA-b42843
community54	OceanDNA-b35291
community54	OceanDNA-b33212
community55	OceanDNA-b35291
community55	OceanDNA-b22478
community56	OceanDNA-b35291
community56	OceanDNA-b34265
community57	OceanDNA-b35291
community57	OceanDNA-b22474
community58	OceanDNA-b35291
community58	OceanDNA-b35674
community59	OceanDNA-b35291
community59	OceanDNA-b43766
community60	OceanDNA-b35291
community60	OceanDNA-b36882
community61	OceanDNA-b35291
community61	OceanDNA-b37658
community62	OceanDNA-b35291
community62	OceanDNA-b28550
community63	OceanDNA-b35291
community63	OceanDNA-b45166
community64	OceanDNA-b35291
community64	OceanDNA-b152
community65	OceanDNA-b35291
community65	OceanDNA-b13613
community66	OceanDNA-b35291
community66	OceanDNA-b41386
community67	OceanDNA-b35291
community67	OceanDNA-b31510
community68	OceanDNA-b35291
community68	OceanDNA-b17137
community69	OceanDNA-b35291
community69	OceanDNA-b3418
community70	OceanDNA-b35291
community70	OceanDNA-b35278
community71	OceanDNA-b35291
community71	OceanDNA-b17068
community72	OceanDNA-b35291
community72	OceanDNA-b30044
community73	OceanDNA-b35291
community73	OceanDNA-b43535
community74	OceanDNA-b35291
community74	OceanDNA-b43489
community75	OceanDNA-b35291
community75	OceanDNA-b35152
community76	OceanDNA-b35291
community76	OceanDNA-b22882
community77	OceanDNA-b35291
community77	OceanDNA-b5248
community78	OceanDNA-b35291
community78	OceanDNA-b45059
community79	OceanDNA-b35291
community79	OceanDNA-b35318
community80	OceanDNA-b35291
community80	OceanDNA-b39354
community81	OceanDNA-b35291
community81	OceanDNA-b29510
community82	OceanDNA-b35291
community82	OceanDNA-b43425
community83	OceanDNA-b35291
community83	OceanDNA-b32895
community84	OceanDNA-b35291
community84	OceanDNA-b39340
community85	OceanDNA-b35291
community85	OceanDNA-b18792
community86	OceanDNA-b35291
community86	OceanDNA-b39545
community87	OceanDNA-b35291
community87	OceanDNA-b34223
community88	OceanDNA-b35291
community88	OceanDNA-b35547
community89	OceanDNA-b35291
community89	OceanDNA-b24024
community90	OceanDNA-b35291
community90	OceanDNA-b43376
community91	OceanDNA-b35291
community91	OceanDNA-b17114
community92	OceanDNA-b35291
community92	OceanDNA-b35232
community93	OceanDNA-b35291
community93	OceanDNA-b43445
community94	OceanDNA-b35291
community94	OceanDNA-b37613
community95	OceanDNA-b35291
community95	OceanDNA-b30703
community96	OceanDNA-b35291
community96	OceanDNA-b43224
community97	OceanDNA-b35291
community97	OceanDNA-b34267
community98	OceanDNA-b35291
community98	OceanDNA-b11533
community99	OceanDNA-b35291
community99	OceanDNA-b28101
community100	OceanDNA-b35291
community100	OceanDNA-b28106
community101	OceanDNA-b35291
community101	OceanDNA-b3464
community102	OceanDNA-b35291
community102	OceanDNA-b33290
community103	OceanDNA-b35291
community103	OceanDNA-b3556
community104	OceanDNA-b35291
community104	OceanDNA-b32638
community105	OceanDNA-b35291
community105	OceanDNA-b156
community106	OceanDNA-b35291
community106	OceanDNA-b17944
community107	OceanDNA-b35291
community107	OceanDNA-b20642
community108	OceanDNA-b35291
community108	OceanDNA-b24172
community109	OceanDNA-b35291
community109	OceanDNA-b43530
community110	OceanDNA-b35291
community110	OceanDNA-b44266
community111	OceanDNA-b35291
community111	OceanDNA-b34725
community112	OceanDNA-b35291
community112	OceanDNA-b28097
community113	OceanDNA-b35291
community113	OceanDNA-b27542
community114	OceanDNA-b35291
community114	OceanDNA-b43088
community115	OceanDNA-b35291
community115	OceanDNA-b13296
community116	OceanDNA-b35291
community116	OceanDNA-b13496
community117	OceanDNA-b35291
community117	OceanDNA-b46297
community118	OceanDNA-b35291
community118	OceanDNA-b29
community119	OceanDNA-b35291
community119	OceanDNA-b35527
community120	OceanDNA-b35291
community120	OceanDNA-b22419
community121	OceanDNA-b35291
community121	OceanDNA-b32257
community122	OceanDNA-b35291
community122	OceanDNA-b35246
community123	OceanDNA-b35291
community123	OceanDNA-b35411
community124	OceanDNA-b35291
community124	OceanDNA-b43770
community125	OceanDNA-b35291
community125	OceanDNA-b30149
community126	OceanDNA-b35291
community126	OceanDNA-b23591
community127	OceanDNA-b35291
community127	OceanDNA-b35419
community128	OceanDNA-b35291
community128	OceanDNA-b31124
community129	OceanDNA-b35291
community129	OceanDNA-b31857
community130	OceanDNA-b35291
community130	OceanDNA-b35294
community131	OceanDNA-b35291
community131	OceanDNA-b43826
community132	OceanDNA-b35291
community132	OceanDNA-b24886
community133	OceanDNA-b35291
community133	OceanDNA-b23945
community134	OceanDNA-b35291
community134	OceanDNA-b26917
community135	OceanDNA-b35291
community135	OceanDNA-b24013
community136	OceanDNA-b35291
community136	OceanDNA-b13601
community137	OceanDNA-b35291
community137	OceanDNA-b41407
community138	OceanDNA-b35291
community138	OceanDNA-b43817
community139	OceanDNA-b35291
community139	OceanDNA-b34301
community140	OceanDNA-b35291
community140	OceanDNA-b33289
community141	OceanDNA-b35291
community141	OceanDNA-b35437
community142	OceanDNA-b35291
community142	OceanDNA-b21215
community143	OceanDNA-b35291
community143	OceanDNA-b31528
community144	OceanDNA-b35291
community144	OceanDNA-b42866
community145	OceanDNA-b35291
community145	OceanDNA-b43704
community146	OceanDNA-b35291
community146	OceanDNA-b45261
community147	OceanDNA-b35291
community147	OceanDNA-b43563
community148	OceanDNA-b35291
community148	OceanDNA-b35435
community149	OceanDNA-b35291
community149	OceanDNA-b23584
community150	OceanDNA-b35291
community150	OceanDNA-b21284
community151	OceanDNA-b35291
community151	OceanDNA-b17082
community152	OceanDNA-b35291
community152	OceanDNA-b38369
community153	OceanDNA-b35291
community153	OceanDNA-b27523
community154	OceanDNA-b35291
community154	OceanDNA-b45258
community155	OceanDNA-b35291
community155	OceanDNA-b42976
community156	OceanDNA-b35291
community156	OceanDNA-b30687
community171	OceanDNA-b35291
community171	OceanDNA-b23382
community158	OceanDNA-b35291
community158	OceanDNA-b33391
community174	OceanDNA-b35291
community174	OceanDNA-b30739
community175	OceanDNA-b35291
community175	OceanDNA-b23937
community176	OceanDNA-b35291
community176	OceanDNA-b38915
community159	OceanDNA-b35291
community159	OceanDNA-b21376
community163	OceanDNA-b35291
community163	OceanDNA-b34273
community164	OceanDNA-b35291
community164	OceanDNA-b35536
community180	OceanDNA-b35291
community180	OceanDNA-b13479
community166	OceanDNA-b35291
community166	OceanDNA-b38308
community167	OceanDNA-b35291
community167	OceanDNA-b44189
community168	OceanDNA-b35291
community168	OceanDNA-b23355
community169	OceanDNA-b35291
community169	OceanDNA-b31076
community170	OceanDNA-b35291
community170	OceanDNA-b42945
community172	OceanDNA-b35291
community172	OceanDNA-b32974
community194	OceanDNA-b35291
community194	OceanDNA-b44184
community173	OceanDNA-b35291
community173	OceanDNA-b18874
community162	OceanDNA-b35291
community162	OceanDNA-b35410
community177	OceanDNA-b35291
community177	OceanDNA-b41055
community197	OceanDNA-b35291
community197	OceanDNA-b33859
community161	OceanDNA-b35291
community161	OceanDNA-b41614
community178	OceanDNA-b35291
community178	OceanDNA-b39356
community179	OceanDNA-b35291
community179	OceanDNA-b34304
community181	OceanDNA-b35291
community181	OceanDNA-b20820
community165	OceanDNA-b35291
community165	OceanDNA-b21377
community209	OceanDNA-b35291
community209	OceanDNA-b30755
community182	OceanDNA-b35291
community182	OceanDNA-b44052
community184	OceanDNA-b35291
community184	OceanDNA-b26769
community210	OceanDNA-b35291
community210	OceanDNA-b43421
community186	OceanDNA-b35291
community186	OceanDNA-b35434
community187	OceanDNA-b35291
community187	OceanDNA-b44694
community214	OceanDNA-b35291
community214	OceanDNA-b327
community189	OceanDNA-b35291
community189	OceanDNA-b31459
community190	OceanDNA-b35291
community190	OceanDNA-b31549
community191	OceanDNA-b35291
community191	OceanDNA-b35292
community192	OceanDNA-b35291
community192	OceanDNA-b35682
community193	OceanDNA-b35291
community193	OceanDNA-b43599
community195	OceanDNA-b35291
community195	OceanDNA-b44209
community157	OceanDNA-b35291
community157	OceanDNA-b29563
community226	OceanDNA-b35291
community226	OceanDNA-b17133
community196	OceanDNA-b35291
community196	OceanDNA-b22017
community199	OceanDNA-b35291
community199	OceanDNA-b29517
community160	OceanDNA-b35291
community160	OceanDNA-b13919
community200	OceanDNA-b35291
community200	OceanDNA-b35374
community201	OceanDNA-b35291
community201	OceanDNA-b43053
community202	OceanDNA-b35291
community202	OceanDNA-b27535
community234	OceanDNA-b35291
community234	OceanDNA-b32973
community204	OceanDNA-b35291
community204	OceanDNA-b31130
community205	OceanDNA-b35291
community205	OceanDNA-b30771
community206	OceanDNA-b35291
community206	OceanDNA-b17094
community207	OceanDNA-b35291
community207	OceanDNA-b18556
community208	OceanDNA-b35291
community208	OceanDNA-b15108
community183	OceanDNA-b35291
community183	OceanDNA-b27
community211	OceanDNA-b35291
community211	OceanDNA-b29509
community185	OceanDNA-b35291
community185	OceanDNA-b43052
community212	OceanDNA-b35291
community212	OceanDNA-b32606
community213	OceanDNA-b35291
community213	OceanDNA-b10040
community215	OceanDNA-b35291
community215	OceanDNA-b35668
community188	OceanDNA-b35291
community188	OceanDNA-b43807
community216	OceanDNA-b35291
community216	OceanDNA-b38744
community248	OceanDNA-b35291
community248	OceanDNA-b43424
community218	OceanDNA-b35291
community218	OceanDNA-b20905
community219	OceanDNA-b35291
community219	OceanDNA-b22876
community220	OceanDNA-b35291
community220	OceanDNA-b23453
community221	OceanDNA-b35291
community221	OceanDNA-b34242
community222	OceanDNA-b35291
community222	OceanDNA-b36070
community223	OceanDNA-b35291
community223	OceanDNA-b44218
community224	OceanDNA-b35291
community224	OceanDNA-b34544
community225	OceanDNA-b35291
community225	OceanDNA-b30789
community227	OceanDNA-b35291
community227	OceanDNA-b39854
community198	OceanDNA-b35291
community198	OceanDNA-b41321
community228	OceanDNA-b35291
community228	OceanDNA-b41400
community260	OceanDNA-b35291
community260	OceanDNA-b35243
community230	OceanDNA-b35291
community230	OceanDNA-b35287
community231	OceanDNA-b35291
community231	OceanDNA-b21357
community232	OceanDNA-b35291
community232	OceanDNA-b44193
community264	OceanDNA-b35291
community264	OceanDNA-b13286
community233	OceanDNA-b35291
community233	OceanDNA-b36703
community235	OceanDNA-b35291
community235	OceanDNA-b26750
community236	OceanDNA-b35291
community236	OceanDNA-b1774
community237	OceanDNA-b35291
community237	OceanDNA-b32197
community238	OceanDNA-b35291
community238	OceanDNA-b24037
community239	OceanDNA-b35291
community239	OceanDNA-b24730
community240	OceanDNA-b35291
community240	OceanDNA-b13633
community241	OceanDNA-b35291
community241	OceanDNA-b23085
community242	OceanDNA-b35291
community242	OceanDNA-b22885
community243	OceanDNA-b35291
community243	OceanDNA-b26901
community244	OceanDNA-b35291
community244	OceanDNA-b23301
community245	OceanDNA-b35291
community245	OceanDNA-b39392
community246	OceanDNA-b35291
community246	OceanDNA-b23356
community247	OceanDNA-b35291
community247	OceanDNA-b15834
community279	OceanDNA-b35291
community279	OceanDNA-b43689
community217	OceanDNA-b35291
community217	OceanDNA-b22833
community250	OceanDNA-b35291
community250	OceanDNA-b43701
community251	OceanDNA-b35291
community251	OceanDNA-b23261
community252	OceanDNA-b35291
community252	OceanDNA-b3096
community253	OceanDNA-b35291
community253	OceanDNA-b37615
community254	OceanDNA-b35291
community254	OceanDNA-b17887
community255	OceanDNA-b35291
community255	OceanDNA-b31270
community256	OceanDNA-b35291
community256	OceanDNA-b3410
community257	OceanDNA-b35291
community257	OceanDNA-b19574
community289	OceanDNA-b35291
community289	OceanDNA-b22377
community259	OceanDNA-b35291
community259	OceanDNA-b41242
community229	OceanDNA-b35291
community229	OceanDNA-b27495
community261	OceanDNA-b35291
community261	OceanDNA-b43276
community262	OceanDNA-b35291
community262	OceanDNA-b35314
community263	OceanDNA-b35291
community263	OceanDNA-b43141
community265	OceanDNA-b35291
community265	OceanDNA-b22385
community296	OceanDNA-b35291
community296	OceanDNA-b26870
community266	OceanDNA-b35291
community266	OceanDNA-b35647
community267	OceanDNA-b35291
community267	OceanDNA-b30487
community268	OceanDNA-b35291
community268	OceanDNA-b43636
community269	OceanDNA-b35291
community269	OceanDNA-b13585
community270	OceanDNA-b35291
community270	OceanDNA-b79
community271	OceanDNA-b35291
community271	OceanDNA-b35253
community272	OceanDNA-b35291
community272	OceanDNA-b23463
community273	OceanDNA-b35291
community273	OceanDNA-b36420
community274	OceanDNA-b35291
community274	OceanDNA-b44183
community306	OceanDNA-b35291
community306	OceanDNA-b23481
community276	OceanDNA-b35291
community276	OceanDNA-b35312
community277	OceanDNA-b35291
community277	OceanDNA-b35602
community278	OceanDNA-b35291
community278	OceanDNA-b35234
community249	OceanDNA-b35291
community249	OceanDNA-b35589
community280	OceanDNA-b35291
community280	OceanDNA-b23907
community281	OceanDNA-b35291
community281	OceanDNA-b3561
community282	OceanDNA-b35291
community282	OceanDNA-b33227
community283	OceanDNA-b35291
community283	OceanDNA-b31131
community284	OceanDNA-b35291
community284	OceanDNA-b3549
community285	OceanDNA-b35291
community285	OceanDNA-b17820
community286	OceanDNA-b35291
community286	OceanDNA-b34733
community287	OceanDNA-b35291
community287	OceanDNA-b46254
community288	OceanDNA-b35291
community288	OceanDNA-b3547
community290	OceanDNA-b35291
community290	OceanDNA-b13605
community258	OceanDNA-b35291
community258	OceanDNA-b2962
community291	OceanDNA-b35291
community291	OceanDNA-b3573
community323	OceanDNA-b35291
community323	OceanDNA-b34144
community293	OceanDNA-b35291
community293	OceanDNA-b32140
community294	OceanDNA-b35291
community294	OceanDNA-b26844
community295	OceanDNA-b35291
community295	OceanDNA-b43651
community327	OceanDNA-b35291
community327	OceanDNA-b39347
community297	OceanDNA-b35291
community297	OceanDNA-b43074
community298	OceanDNA-b35291
community298	OceanDNA-b35519
community299	OceanDNA-b35291
community299	OceanDNA-b44194
community300	OceanDNA-b35291
community300	OceanDNA-b33394
community301	OceanDNA-b35291
community301	OceanDNA-b20918
community302	OceanDNA-b35291
community302	OceanDNA-b30786
community303	OceanDNA-b35291
community303	OceanDNA-b30165
community304	OceanDNA-b35291
community304	OceanDNA-b23942
community305	OceanDNA-b35291
community305	OceanDNA-b24005
community337	OceanDNA-b35291
community337	OceanDNA-b26663
community275	OceanDNA-b35291
community275	OceanDNA-b30776
community308	OceanDNA-b35291
community308	OceanDNA-b31513
community309	OceanDNA-b35291
community309	OceanDNA-b22521
community310	OceanDNA-b35291
community310	OceanDNA-b23108
community311	OceanDNA-b35291
community311	OceanDNA-b31119
community312	OceanDNA-b35291
community312	OceanDNA-b41313
community313	OceanDNA-b35291
community313	OceanDNA-b34274
community314	OceanDNA-b35291
community314	OceanDNA-b28102
community315	OceanDNA-b35291
community315	OceanDNA-b42864
community316	OceanDNA-b35291
community316	OceanDNA-b42863
community317	OceanDNA-b35291
community317	OceanDNA-b35662
community318	OceanDNA-b35291
community318	OceanDNA-b23948
community319	OceanDNA-b35291
community319	OceanDNA-b43761
community320	OceanDNA-b35291
community320	OceanDNA-b35288
community321	OceanDNA-b35291
community321	OceanDNA-b28646
community322	OceanDNA-b35291
community322	OceanDNA-b23917
community292	OceanDNA-b35291
community292	OceanDNA-b43375
community324	OceanDNA-b35291
community324	OceanDNA-b35150
community325	OceanDNA-b35291
community325	OceanDNA-b45289
community326	OceanDNA-b35291
community326	OceanDNA-b35372
community203	OceanDNA-b35291
community203	OceanDNA-b26840
community328	OceanDNA-b35291
community328	OceanDNA-b30761
community329	OceanDNA-b35291
community329	OceanDNA-b19534
community361	OceanDNA-b35291
community361	OceanDNA-b38354
community331	OceanDNA-b35291
community331	OceanDNA-b22982
community332	OceanDNA-b35291
community332	OceanDNA-b35282
community333	OceanDNA-b35291
community333	OceanDNA-b36406
community334	OceanDNA-b35291
community334	OceanDNA-b23561
community335	OceanDNA-b35291
community335	OceanDNA-b43513
community336	OceanDNA-b35291
community336	OceanDNA-b13561
community307	OceanDNA-b35291
community307	OceanDNA-b39371
community338	OceanDNA-b35291
community338	OceanDNA-b43160
community370	OceanDNA-b35291
community370	OceanDNA-b43084
community340	OceanDNA-b35291
community340	OceanDNA-b24254
community341	OceanDNA-b35291
community341	OceanDNA-b35250
community342	OceanDNA-b35291
community342	OceanDNA-b37604
community343	OceanDNA-b35291
community343	OceanDNA-b2517
community344	OceanDNA-b35291
community344	OceanDNA-b33288
community345	OceanDNA-b35291
community345	OceanDNA-b34753
community346	OceanDNA-b35291
community346	OceanDNA-b27593
community347	OceanDNA-b35291
community347	OceanDNA-b17091
community348	OceanDNA-b35291
community348	OceanDNA-b42826
community349	OceanDNA-b35291
community349	OceanDNA-b38322
community350	OceanDNA-b35291
community350	OceanDNA-b43060
community351	OceanDNA-b35291
community351	OceanDNA-b22991
community352	OceanDNA-b35291
community352	OceanDNA-b21378
community353	OceanDNA-b35291
community353	OceanDNA-b11041
community354	OceanDNA-b35291
community354	OceanDNA-b33283
community355	OceanDNA-b35291
community355	OceanDNA-b20262
community356	OceanDNA-b35291
community356	OceanDNA-b40892
community357	OceanDNA-b35291
community357	OceanDNA-b24311
community358	OceanDNA-b35291
community358	OceanDNA-b22417
community359	OceanDNA-b35291
community359	OceanDNA-b20946
community360	OceanDNA-b35291
community360	OceanDNA-b35493
community392	OceanDNA-b35291
community392	OceanDNA-b35154
community362	OceanDNA-b35291
community362	OceanDNA-b24650
community363	OceanDNA-b35291
community363	OceanDNA-b35448
community364	OceanDNA-b35291
community364	OceanDNA-b513
community365	OceanDNA-b35291
community365	OceanDNA-b36832
community366	OceanDNA-b35291
community366	OceanDNA-b29612
community367	OceanDNA-b35291
community367	OceanDNA-b42835
community368	OceanDNA-b35291
community368	OceanDNA-b23918
community369	OceanDNA-b35291
community369	OceanDNA-b43657
community401	OceanDNA-b35291
community401	OceanDNA-b30031
community371	OceanDNA-b35291
community371	OceanDNA-b42837
community372	OceanDNA-b35291
community372	OceanDNA-b35793
community373	OceanDNA-b35291
community373	OceanDNA-b45986
community374	OceanDNA-b35291
community374	OceanDNA-b19962
community375	OceanDNA-b35291
community375	OceanDNA-b26636
community376	OceanDNA-b35291
community376	OceanDNA-b46299
community377	OceanDNA-b35291
community377	OceanDNA-b23364
community378	OceanDNA-b35291
community378	OceanDNA-b23372
community379	OceanDNA-b35291
community379	OceanDNA-b21359
community380	OceanDNA-b35291
community380	OceanDNA-b17085
community381	OceanDNA-b35291
community381	OceanDNA-b35112
community382	OceanDNA-b35291
community382	OceanDNA-b17776
community383	OceanDNA-b35291
community383	OceanDNA-b45032
community384	OceanDNA-b35291
community384	OceanDNA-b27579
community385	OceanDNA-b35291
community385	OceanDNA-b44823
community386	OceanDNA-b35291
community386	OceanDNA-b36668
community387	OceanDNA-b35291
community387	OceanDNA-b40120
community388	OceanDNA-b35291
community388	OceanDNA-b41320
community389	OceanDNA-b35291
community389	OceanDNA-b27586
community390	OceanDNA-b35291
community390	OceanDNA-b17135
community391	OceanDNA-b35291
community391	OceanDNA-b518
community423	OceanDNA-b35291
community423	OceanDNA-b24705
community393	OceanDNA-b35291
community393	OceanDNA-b23915
community394	OceanDNA-b35291
community394	OceanDNA-b13166
community395	OceanDNA-b35291
community395	OceanDNA-b11479
community396	OceanDNA-b35291
community396	OceanDNA-b24297
community397	OceanDNA-b35291
community397	OceanDNA-b12046
community398	OceanDNA-b35291
community398	OceanDNA-b35240
community399	OceanDNA-b35291
community399	OceanDNA-b30027
community400	OceanDNA-b35291
community400	OceanDNA-b38873
community402	OceanDNA-b35291
community402	OceanDNA-b23905
community433	OceanDNA-b35291
community433	OceanDNA-b32793
community403	OceanDNA-b35291
community403	OceanDNA-b23468
community404	OceanDNA-b35291
community404	OceanDNA-b19450
community405	OceanDNA-b35291
community405	OceanDNA-b24610
community406	OceanDNA-b35291
community406	OceanDNA-b26879
community407	OceanDNA-b35291
community407	OceanDNA-b36407
community408	OceanDNA-b35291
community408	OceanDNA-b30774
community409	OceanDNA-b35291
community409	OceanDNA-b17829
community410	OceanDNA-b35291
community410	OceanDNA-b30788
community411	OceanDNA-b35291
community411	OceanDNA-b35320
community412	OceanDNA-b35291
community412	OceanDNA-b35385
community413	OceanDNA-b35291
community413	OceanDNA-b42847
community414	OceanDNA-b35291
community414	OceanDNA-b22314
community415	OceanDNA-b35291
community415	OceanDNA-b17086
community416	OceanDNA-b35291
community416	OceanDNA-b43422
community417	OceanDNA-b35291
community417	OceanDNA-b36650
community418	OceanDNA-b35291
community418	OceanDNA-b31514
community419	OceanDNA-b35291
community419	OceanDNA-b30221
community420	OceanDNA-b35291
community420	OceanDNA-b22992
community421	OceanDNA-b35291
community421	OceanDNA-b42838
community422	OceanDNA-b35291
community422	OceanDNA-b38547
community330	OceanDNA-b35291
community330	OceanDNA-b23367
community424	OceanDNA-b35291
community424	OceanDNA-b3332
community425	OceanDNA-b35291
community425	OceanDNA-b35511
community426	OceanDNA-b35291
community426	OceanDNA-b23271
community427	OceanDNA-b35291
community427	OceanDNA-b29553
community428	OceanDNA-b35291
community428	OceanDNA-b3477
community429	OceanDNA-b35291
community429	OceanDNA-b30841
community461	OceanDNA-b35291
community461	OceanDNA-b23348
community431	OceanDNA-b35291
community431	OceanDNA-b32722
community432	OceanDNA-b35291
community432	OceanDNA-b23901
community464	OceanDNA-b35291
community464	OceanDNA-b23919
community434	OceanDNA-b35291
community434	OceanDNA-b43678
community435	OceanDNA-b35291
community435	OceanDNA-b38311
community436	OceanDNA-b35291
community436	OceanDNA-b17181
community468	OceanDNA-b35291
community468	OceanDNA-b23379
community437	OceanDNA-b35291
community437	OceanDNA-b30842
community439	OceanDNA-b35291
community439	OceanDNA-b22496
community440	OceanDNA-b35291
community440	OceanDNA-b34222
community441	OceanDNA-b35291
community441	OceanDNA-b2829
community442	OceanDNA-b35291
community442	OceanDNA-b35313
community443	OceanDNA-b35291
community443	OceanDNA-b34938
community444	OceanDNA-b35291
community444	OceanDNA-b38182
community445	OceanDNA-b35291
community445	OceanDNA-b43377
community446	OceanDNA-b35291
community446	OceanDNA-b22398
community447	OceanDNA-b35291
community447	OceanDNA-b23966
community448	OceanDNA-b35291
community448	OceanDNA-b30785
community449	OceanDNA-b35291
community449	OceanDNA-b34230
community450	OceanDNA-b35291
community450	OceanDNA-b43110
community482	OceanDNA-b35291
community482	OceanDNA-b43405
community452	OceanDNA-b35291
community452	OceanDNA-b34234
community453	OceanDNA-b35291
community453	OceanDNA-b30169
community454	OceanDNA-b35291
community454	OceanDNA-b13498
community455	OceanDNA-b35291
community455	OceanDNA-b23435
community456	OceanDNA-b35291
community456	OceanDNA-b31149
community457	OceanDNA-b35291
community457	OceanDNA-b38359
community458	OceanDNA-b35291
community458	OceanDNA-b35256
community459	OceanDNA-b35291
community459	OceanDNA-b23047
community460	OceanDNA-b35291
community460	OceanDNA-b13598
community462	OceanDNA-b35291
community462	OceanDNA-b35479
community430	OceanDNA-b35291
community430	OceanDNA-b13447
community463	OceanDNA-b35291
community463	OceanDNA-b26605
community465	OceanDNA-b35291
community465	OceanDNA-b32284
community496	OceanDNA-b35291
community496	OceanDNA-b43700
community497	OceanDNA-b35291
community497	OceanDNA-b36678
community466	OceanDNA-b35291
community466	OceanDNA-b50
community467	OceanDNA-b35291
community467	OceanDNA-b29555
community438	OceanDNA-b35291
community438	OceanDNA-b34266
community501	OceanDNA-b35291
community501	OceanDNA-b32237
community471	OceanDNA-b35291
community471	OceanDNA-b42829
community472	OceanDNA-b35291
community472	OceanDNA-b23832
community473	OceanDNA-b35291
community473	OceanDNA-b22054
community474	OceanDNA-b35291
community474	OceanDNA-b43726
community475	OceanDNA-b35291
community475	OceanDNA-b17074
community476	OceanDNA-b35291
community476	OceanDNA-b35572
community477	OceanDNA-b35291
community477	OceanDNA-b1132
community478	OceanDNA-b35291
community478	OceanDNA-b35893
community479	OceanDNA-b35291
community479	OceanDNA-b13256
community480	OceanDNA-b35291
community480	OceanDNA-b35316
community481	OceanDNA-b35291
community481	OceanDNA-b35521
community483	OceanDNA-b35291
community483	OceanDNA-b17126
community451	OceanDNA-b35291
community451	OceanDNA-b17136
community484	OceanDNA-b35291
community484	OceanDNA-b43740
community485	OceanDNA-b35291
community485	OceanDNA-b35469
community486	OceanDNA-b35291
community486	OceanDNA-b45984
community487	OceanDNA-b35291
community487	OceanDNA-b31464
community488	OceanDNA-b35291
community488	OceanDNA-b31200
community489	OceanDNA-b35291
community489	OceanDNA-b23180
community490	OceanDNA-b35291
community490	OceanDNA-b3473
community491	OceanDNA-b35291
community491	OceanDNA-b35429
community492	OceanDNA-b35291
community492	OceanDNA-b32721
community493	OceanDNA-b35291
community493	OceanDNA-b35343
community494	OceanDNA-b35291
community494	OceanDNA-b22457
community495	OceanDNA-b35291
community495	OceanDNA-b35375
community498	OceanDNA-b35291
community498	OceanDNA-b36690
community339	OceanDNA-b35291
community339	OceanDNA-b43837
community469	OceanDNA-b35291
community469	OceanDNA-b44692
community499	OceanDNA-b35291
community499	OceanDNA-b43776
community531	OceanDNA-b35291
community531	OceanDNA-b4503
community502	OceanDNA-b35291
community502	OceanDNA-b45279
community470	OceanDNA-b35291
community470	OceanDNA-b42807
community503	OceanDNA-b35291
community503	OceanDNA-b22477
community504	OceanDNA-b35291
community504	OceanDNA-b3454
community505	OceanDNA-b35291
community505	OceanDNA-b32689
community506	OceanDNA-b35291
community506	OceanDNA-b35151
community507	OceanDNA-b35291
community507	OceanDNA-b38215
community508	OceanDNA-b35291
community508	OceanDNA-b29532
community509	OceanDNA-b35291
community509	OceanDNA-b30874
community510	OceanDNA-b35291
community510	OceanDNA-b35555
community511	OceanDNA-b35291
community511	OceanDNA-b43696
community512	OceanDNA-b35291
community512	OceanDNA-b42841
community513	OceanDNA-b35291
community513	OceanDNA-b35148
community514	OceanDNA-b35291
community514	OceanDNA-b35160
community515	OceanDNA-b35291
community515	OceanDNA-b26667
community516	OceanDNA-b35291
community516	OceanDNA-b33609
community517	OceanDNA-b35291
community517	OceanDNA-b38902
community518	OceanDNA-b35291
community518	OceanDNA-b35543
community550	OceanDNA-b43720
community550	OceanDNA-b22828
community520	OceanDNA-b35291
community520	OceanDNA-b39796
community521	OceanDNA-b35291
community521	OceanDNA-b35229
community522	OceanDNA-b35291
community522	OceanDNA-b30791
community523	OceanDNA-b35291
community523	OceanDNA-b43694
community524	OceanDNA-b35291
community524	OceanDNA-b23122
community525	OceanDNA-b35291
community525	OceanDNA-b41637
community526	OceanDNA-b35291
community526	OceanDNA-b22895
community527	OceanDNA-b35291
community527	OceanDNA-b35648
community528	OceanDNA-b35291
community528	OceanDNA-b33325
community529	OceanDNA-b35291
community529	OceanDNA-b44182
community530	OceanDNA-b35291
community530	OceanDNA-b36662
community562	OceanDNA-b43720
community562	OceanDNA-b27600
community532	OceanDNA-b43720
community532	OceanDNA-b43096
community533	OceanDNA-b43720
community533	OceanDNA-b35580
community534	OceanDNA-b43720
community534	OceanDNA-b32783
community535	OceanDNA-b43720
community535	OceanDNA-b27632
community536	OceanDNA-b43720
community536	OceanDNA-b35635
community537	OceanDNA-b43720
community537	OceanDNA-b33313
community538	OceanDNA-b43720
community538	OceanDNA-b22922
community539	OceanDNA-b43720
community539	OceanDNA-b43201
community540	OceanDNA-b43720
community540	OceanDNA-b27498
community541	OceanDNA-b43720
community541	OceanDNA-b24012
community542	OceanDNA-b43720
community542	OceanDNA-b35608
community543	OceanDNA-b43720
community543	OceanDNA-b14411
community544	OceanDNA-b43720
community544	OceanDNA-b31471
community545	OceanDNA-b43720
community545	OceanDNA-b35156
community546	OceanDNA-b43720
community546	OceanDNA-b43695
community547	OceanDNA-b43720
community547	OceanDNA-b34225
community548	OceanDNA-b43720
community548	OceanDNA-b19896
community549	OceanDNA-b43720
community549	OceanDNA-b43985
community551	OceanDNA-b43720
community551	OceanDNA-b27513
community519	OceanDNA-b35291
community519	OceanDNA-b30
community552	OceanDNA-b43720
community552	OceanDNA-b28563
community553	OceanDNA-b43720
community553	OceanDNA-b22445
community554	OceanDNA-b43720
community554	OceanDNA-b46079
community555	OceanDNA-b43720
community555	OceanDNA-b35159
community556	OceanDNA-b43720
community556	OceanDNA-b31421
community557	OceanDNA-b43720
community557	OceanDNA-b43849
community558	OceanDNA-b43720
community558	OceanDNA-b34229
community559	OceanDNA-b43720
community559	OceanDNA-b35530
community560	OceanDNA-b43720
community560	OceanDNA-b44247
community561	OceanDNA-b43720
community561	OceanDNA-b39366
community593	OceanDNA-b43720
community593	OceanDNA-b45166
community563	OceanDNA-b43720
community563	OceanDNA-b32784
community564	OceanDNA-b43720
community564	OceanDNA-b45370
community565	OceanDNA-b43720
community565	OceanDNA-b22840
community566	OceanDNA-b43720
community566	OceanDNA-b44191
community567	OceanDNA-b43720
community567	OceanDNA-b22322
community568	OceanDNA-b43720
community568	OceanDNA-b32265
community569	OceanDNA-b43720
community569	OceanDNA-b41615
community570	OceanDNA-b43720
community570	OceanDNA-b2837
community571	OceanDNA-b43720
community571	OceanDNA-b35233
community572	OceanDNA-b43720
community572	OceanDNA-b31056
community573	OceanDNA-b43720
community573	OceanDNA-b43839
community574	OceanDNA-b43720
community574	OceanDNA-b21367
community575	OceanDNA-b43720
community575	OceanDNA-b41301
community576	OceanDNA-b43720
community576	OceanDNA-b41267
community577	OceanDNA-b43720
community577	OceanDNA-b30636
community578	OceanDNA-b43720
community578	OceanDNA-b43437
community579	OceanDNA-b43720
community579	OceanDNA-b17614
community580	OceanDNA-b43720
community580	OceanDNA-b39492
community581	OceanDNA-b43720
community581	OceanDNA-b41211
community582	OceanDNA-b43720
community582	OceanDNA-b17128
community614	OceanDNA-b43720
community614	OceanDNA-b39340
community584	OceanDNA-b43720
community584	OceanDNA-b33212
community585	OceanDNA-b43720
community585	OceanDNA-b22478
community586	OceanDNA-b43720
community586	OceanDNA-b34265
community587	OceanDNA-b43720
community587	OceanDNA-b22474
community588	OceanDNA-b43720
community588	OceanDNA-b35674
community589	OceanDNA-b43720
community589	OceanDNA-b43766
community590	OceanDNA-b43720
community590	OceanDNA-b36882
community591	OceanDNA-b43720
community591	OceanDNA-b37658
community592	OceanDNA-b43720
community592	OceanDNA-b28550
community594	OceanDNA-b43720
community594	OceanDNA-b152
community625	OceanDNA-b43720
community625	OceanDNA-b30703
community595	OceanDNA-b43720
community595	OceanDNA-b13613
community596	OceanDNA-b43720
community596	OceanDNA-b41386
community597	OceanDNA-b43720
community597	OceanDNA-b31510
community598	OceanDNA-b43720
community598	OceanDNA-b17137
community599	OceanDNA-b43720
community599	OceanDNA-b3418
community600	OceanDNA-b43720
community600	OceanDNA-b35278
community601	OceanDNA-b43720
community601	OceanDNA-b17068
community602	OceanDNA-b43720
community602	OceanDNA-b30044
community603	OceanDNA-b43720
community603	OceanDNA-b43535
community604	OceanDNA-b43720
community604	OceanDNA-b43489
community605	OceanDNA-b43720
community605	OceanDNA-b35152
community606	OceanDNA-b43720
community606	OceanDNA-b22882
community607	OceanDNA-b43720
community607	OceanDNA-b5248
community608	OceanDNA-b43720
community608	OceanDNA-b45059
community609	OceanDNA-b43720
community609	OceanDNA-b35318
community610	OceanDNA-b43720
community610	OceanDNA-b39354
community611	OceanDNA-b43720
community611	OceanDNA-b29510
community612	OceanDNA-b43720
community612	OceanDNA-b43425
community613	OceanDNA-b43720
community613	OceanDNA-b32895
community615	OceanDNA-b43720
community615	OceanDNA-b18792
community646	OceanDNA-b43720
community646	OceanDNA-b13496
community616	OceanDNA-b43720
community616	OceanDNA-b39545
community617	OceanDNA-b43720
community617	OceanDNA-b34223
community618	OceanDNA-b43720
community618	OceanDNA-b35547
community619	OceanDNA-b43720
community619	OceanDNA-b24024
community620	OceanDNA-b43720
community620	OceanDNA-b43376
community621	OceanDNA-b43720
community621	OceanDNA-b17114
community622	OceanDNA-b43720
community622	OceanDNA-b35232
community623	OceanDNA-b43720
community623	OceanDNA-b43445
community624	OceanDNA-b43720
community624	OceanDNA-b37613
community626	OceanDNA-b43720
community626	OceanDNA-b43224
community657	OceanDNA-b43720
community657	OceanDNA-b35419
community627	OceanDNA-b43720
community627	OceanDNA-b34267
community628	OceanDNA-b43720
community628	OceanDNA-b11533
community629	OceanDNA-b43720
community629	OceanDNA-b28101
community630	OceanDNA-b43720
community630	OceanDNA-b28106
community631	OceanDNA-b43720
community631	OceanDNA-b3464
community632	OceanDNA-b43720
community632	OceanDNA-b33290
community633	OceanDNA-b43720
community633	OceanDNA-b3556
community634	OceanDNA-b43720
community634	OceanDNA-b32638
community635	OceanDNA-b43720
community635	OceanDNA-b156
community636	OceanDNA-b43720
community636	OceanDNA-b17944
community637	OceanDNA-b43720
community637	OceanDNA-b20642
community638	OceanDNA-b43720
community638	OceanDNA-b24172
community639	OceanDNA-b43720
community639	OceanDNA-b43530
community640	OceanDNA-b43720
community640	OceanDNA-b44266
community641	OceanDNA-b43720
community641	OceanDNA-b34725
community642	OceanDNA-b43720
community642	OceanDNA-b28097
community643	OceanDNA-b43720
community643	OceanDNA-b27542
community644	OceanDNA-b43720
community644	OceanDNA-b43088
community645	OceanDNA-b43720
community645	OceanDNA-b13296
community647	OceanDNA-b43720
community647	OceanDNA-b46297
community678	OceanDNA-b43720
community678	OceanDNA-b35435
community648	OceanDNA-b43720
community648	OceanDNA-b29
community649	OceanDNA-b43720
community649	OceanDNA-b35527
community650	OceanDNA-b43720
community650	OceanDNA-b22419
community651	OceanDNA-b43720
community651	OceanDNA-b32257
community652	OceanDNA-b43720
community652	OceanDNA-b35246
community653	OceanDNA-b43720
community653	OceanDNA-b35411
community654	OceanDNA-b43720
community654	OceanDNA-b43770
community655	OceanDNA-b43720
community655	OceanDNA-b30149
community656	OceanDNA-b43720
community656	OceanDNA-b23591
community658	OceanDNA-b43720
community658	OceanDNA-b31124
community689	OceanDNA-b43720
community689	OceanDNA-b21376
community659	OceanDNA-b43720
community659	OceanDNA-b31857
community660	OceanDNA-b43720
community660	OceanDNA-b35294
community661	OceanDNA-b43720
community661	OceanDNA-b43826
community662	OceanDNA-b43720
community662	OceanDNA-b24886
community663	OceanDNA-b43720
community663	OceanDNA-b23945
community664	OceanDNA-b43720
community664	OceanDNA-b26917
community665	OceanDNA-b43720
community665	OceanDNA-b24013
community666	OceanDNA-b43720
community666	OceanDNA-b13601
community667	OceanDNA-b43720
community667	OceanDNA-b41407
community668	OceanDNA-b43720
community668	OceanDNA-b43817
community669	OceanDNA-b43720
community669	OceanDNA-b34301
community670	OceanDNA-b43720
community670	OceanDNA-b33289
community671	OceanDNA-b43720
community671	OceanDNA-b35437
community672	OceanDNA-b43720
community672	OceanDNA-b21215
community673	OceanDNA-b43720
community673	OceanDNA-b31528
community674	OceanDNA-b43720
community674	OceanDNA-b42866
community675	OceanDNA-b43720
community675	OceanDNA-b43704
community676	OceanDNA-b43720
community676	OceanDNA-b45261
community677	OceanDNA-b43720
community677	OceanDNA-b43563
community583	OceanDNA-b43720
community583	OceanDNA-b42843
community679	OceanDNA-b43720
community679	OceanDNA-b23584
community680	OceanDNA-b43720
community680	OceanDNA-b21284
community681	OceanDNA-b43720
community681	OceanDNA-b17082
community682	OceanDNA-b43720
community682	OceanDNA-b38369
community683	OceanDNA-b43720
community683	OceanDNA-b27523
community684	OceanDNA-b43720
community684	OceanDNA-b45258
community685	OceanDNA-b43720
community685	OceanDNA-b42976
community686	OceanDNA-b43720
community686	OceanDNA-b30687
community687	OceanDNA-b43720
community687	OceanDNA-b29563
community688	OceanDNA-b43720
community688	OceanDNA-b33391
community690	OceanDNA-b43720
community690	OceanDNA-b13919
community500	OceanDNA-b35291
community500	OceanDNA-b35155
community691	OceanDNA-b43720
community691	OceanDNA-b41614
community692	OceanDNA-b43720
community692	OceanDNA-b35410
community693	OceanDNA-b43720
community693	OceanDNA-b34273
community694	OceanDNA-b43720
community694	OceanDNA-b35536
community695	OceanDNA-b43720
community695	OceanDNA-b21377
community696	OceanDNA-b43720
community696	OceanDNA-b38308
community697	OceanDNA-b43720
community697	OceanDNA-b44189
community698	OceanDNA-b43720
community698	OceanDNA-b23355
community730	OceanDNA-b43720
community730	OceanDNA-b35374
community699	OceanDNA-b43720
community699	OceanDNA-b31076
community701	OceanDNA-b43720
community701	OceanDNA-b23382
community702	OceanDNA-b43720
community702	OceanDNA-b32974
community703	OceanDNA-b43720
community703	OceanDNA-b18874
community704	OceanDNA-b43720
community704	OceanDNA-b30739
community705	OceanDNA-b43720
community705	OceanDNA-b23937
community706	OceanDNA-b43720
community706	OceanDNA-b38915
community707	OceanDNA-b43720
community707	OceanDNA-b41055
community708	OceanDNA-b43720
community708	OceanDNA-b39356
community709	OceanDNA-b43720
community709	OceanDNA-b34304
community741	OceanDNA-b43720
community741	OceanDNA-b29509
community711	OceanDNA-b43720
community711	OceanDNA-b20820
community712	OceanDNA-b43720
community712	OceanDNA-b44052
community713	OceanDNA-b43720
community713	OceanDNA-b27
community714	OceanDNA-b43720
community714	OceanDNA-b26769
community715	OceanDNA-b43720
community715	OceanDNA-b43052
community716	OceanDNA-b43720
community716	OceanDNA-b35434
community717	OceanDNA-b43720
community717	OceanDNA-b44694
community718	OceanDNA-b43720
community718	OceanDNA-b43807
community719	OceanDNA-b43720
community719	OceanDNA-b31459
community720	OceanDNA-b43720
community720	OceanDNA-b31549
community752	OceanDNA-b43720
community752	OceanDNA-b36070
community722	OceanDNA-b43720
community722	OceanDNA-b35682
community723	OceanDNA-b43720
community723	OceanDNA-b43599
community724	OceanDNA-b43720
community724	OceanDNA-b44184
community725	OceanDNA-b43720
community725	OceanDNA-b44209
community726	OceanDNA-b43720
community726	OceanDNA-b22017
community727	OceanDNA-b43720
community727	OceanDNA-b33859
community728	OceanDNA-b43720
community728	OceanDNA-b41321
community729	OceanDNA-b43720
community729	OceanDNA-b29517
community731	OceanDNA-b43720
community731	OceanDNA-b43053
community700	OceanDNA-b43720
community700	OceanDNA-b42945
community732	OceanDNA-b43720
community732	OceanDNA-b27535
community733	OceanDNA-b43720
community733	OceanDNA-b26840
community734	OceanDNA-b43720
community734	OceanDNA-b31130
community735	OceanDNA-b43720
community735	OceanDNA-b30771
community736	OceanDNA-b43720
community736	OceanDNA-b17094
community737	OceanDNA-b43720
community737	OceanDNA-b18556
community738	OceanDNA-b43720
community738	OceanDNA-b15108
community739	OceanDNA-b43720
community739	OceanDNA-b30755
community740	OceanDNA-b43720
community740	OceanDNA-b43421
community710	OceanDNA-b43720
community710	OceanDNA-b13479
community742	OceanDNA-b43720
community742	OceanDNA-b32606
community743	OceanDNA-b43720
community743	OceanDNA-b10040
community744	OceanDNA-b43720
community744	OceanDNA-b327
community745	OceanDNA-b43720
community745	OceanDNA-b35668
community746	OceanDNA-b43720
community746	OceanDNA-b38744
community747	OceanDNA-b43720
community747	OceanDNA-b22833
community748	OceanDNA-b43720
community748	OceanDNA-b20905
community749	OceanDNA-b43720
community749	OceanDNA-b22876
community750	OceanDNA-b43720
community750	OceanDNA-b23453
community751	OceanDNA-b43720
community751	OceanDNA-b34242
community721	OceanDNA-b43720
community721	OceanDNA-b35292
community753	OceanDNA-b43720
community753	OceanDNA-b44218
community754	OceanDNA-b43720
community754	OceanDNA-b34544
community755	OceanDNA-b43720
community755	OceanDNA-b30789
community756	OceanDNA-b43720
community756	OceanDNA-b17133
community757	OceanDNA-b43720
community757	OceanDNA-b39854
community758	OceanDNA-b43720
community758	OceanDNA-b41400
community759	OceanDNA-b43720
community759	OceanDNA-b27495
community760	OceanDNA-b43720
community760	OceanDNA-b35287
community761	OceanDNA-b43720
community761	OceanDNA-b21357
community793	OceanDNA-b43720
community793	OceanDNA-b43141
community762	OceanDNA-b43720
community762	OceanDNA-b44193
community764	OceanDNA-b43720
community764	OceanDNA-b32973
community765	OceanDNA-b43720
community765	OceanDNA-b26750
community766	OceanDNA-b43720
community766	OceanDNA-b1774
community767	OceanDNA-b43720
community767	OceanDNA-b32197
community768	OceanDNA-b43720
community768	OceanDNA-b24037
community769	OceanDNA-b43720
community769	OceanDNA-b24730
community770	OceanDNA-b43720
community770	OceanDNA-b13633
community771	OceanDNA-b43720
community771	OceanDNA-b23085
community772	OceanDNA-b43720
community772	OceanDNA-b22885
community804	OceanDNA-b43720
community804	OceanDNA-b44183
community774	OceanDNA-b43720
community774	OceanDNA-b23301
community775	OceanDNA-b43720
community775	OceanDNA-b39392
community776	OceanDNA-b43720
community776	OceanDNA-b23356
community777	OceanDNA-b43720
community777	OceanDNA-b15834
community778	OceanDNA-b43720
community778	OceanDNA-b43424
community779	OceanDNA-b43720
community779	OceanDNA-b35589
community780	OceanDNA-b43720
community780	OceanDNA-b43701
community781	OceanDNA-b43720
community781	OceanDNA-b23261
community782	OceanDNA-b43720
community782	OceanDNA-b3096
community783	OceanDNA-b43720
community783	OceanDNA-b37615
community815	OceanDNA-b43720
community815	OceanDNA-b17820
community785	OceanDNA-b43720
community785	OceanDNA-b31270
community786	OceanDNA-b43720
community786	OceanDNA-b3410
community787	OceanDNA-b43720
community787	OceanDNA-b19574
community788	OceanDNA-b43720
community788	OceanDNA-b2962
community789	OceanDNA-b43720
community789	OceanDNA-b41242
community790	OceanDNA-b43720
community790	OceanDNA-b35243
community791	OceanDNA-b43720
community791	OceanDNA-b43276
community792	OceanDNA-b43720
community792	OceanDNA-b35314
community794	OceanDNA-b43720
community794	OceanDNA-b13286
community825	OceanDNA-b43720
community825	OceanDNA-b43651
community763	OceanDNA-b43720
community763	OceanDNA-b36703
community796	OceanDNA-b43720
community796	OceanDNA-b35647
community797	OceanDNA-b43720
community797	OceanDNA-b30487
community798	OceanDNA-b43720
community798	OceanDNA-b43636
community799	OceanDNA-b43720
community799	OceanDNA-b13585
community800	OceanDNA-b43720
community800	OceanDNA-b79
community801	OceanDNA-b43720
community801	OceanDNA-b35253
community802	OceanDNA-b43720
community802	OceanDNA-b23463
community803	OceanDNA-b43720
community803	OceanDNA-b36420
community835	OceanDNA-b43720
community835	OceanDNA-b24005
community805	OceanDNA-b43720
community805	OceanDNA-b30776
community806	OceanDNA-b43720
community806	OceanDNA-b35312
community807	OceanDNA-b43720
community807	OceanDNA-b35602
community808	OceanDNA-b43720
community808	OceanDNA-b35234
community809	OceanDNA-b43720
community809	OceanDNA-b43689
community810	OceanDNA-b43720
community810	OceanDNA-b23907
community811	OceanDNA-b43720
community811	OceanDNA-b3561
community812	OceanDNA-b43720
community812	OceanDNA-b33227
community813	OceanDNA-b43720
community813	OceanDNA-b31131
community845	OceanDNA-b43720
community845	OceanDNA-b42864
community784	OceanDNA-b43720
community784	OceanDNA-b17887
community816	OceanDNA-b43720
community816	OceanDNA-b34733
community817	OceanDNA-b43720
community817	OceanDNA-b46254
community818	OceanDNA-b43720
community818	OceanDNA-b3547
community819	OceanDNA-b43720
community819	OceanDNA-b22377
community820	OceanDNA-b43720
community820	OceanDNA-b13605
community821	OceanDNA-b43720
community821	OceanDNA-b3573
community822	OceanDNA-b43720
community822	OceanDNA-b43375
community823	OceanDNA-b43720
community823	OceanDNA-b32140
community824	OceanDNA-b43720
community824	OceanDNA-b26844
community826	OceanDNA-b43720
community826	OceanDNA-b26870
community795	OceanDNA-b43720
community795	OceanDNA-b22385
community858	OceanDNA-b43720
community858	OceanDNA-b30761
community827	OceanDNA-b43720
community827	OceanDNA-b43074
community829	OceanDNA-b43720
community829	OceanDNA-b44194
community830	OceanDNA-b43720
community830	OceanDNA-b33394
community831	OceanDNA-b43720
community831	OceanDNA-b20918
community832	OceanDNA-b43720
community832	OceanDNA-b30786
community833	OceanDNA-b43720
community833	OceanDNA-b30165
community865	OceanDNA-b43720
community865	OceanDNA-b43513
community866	OceanDNA-b43720
community866	OceanDNA-b13561
community834	OceanDNA-b43720
community834	OceanDNA-b23942
community837	OceanDNA-b43720
community837	OceanDNA-b39371
community838	OceanDNA-b43720
community838	OceanDNA-b31513
community839	OceanDNA-b43720
community839	OceanDNA-b22521
community840	OceanDNA-b43720
community840	OceanDNA-b23108
community841	OceanDNA-b43720
community841	OceanDNA-b31119
community842	OceanDNA-b43720
community842	OceanDNA-b41313
community843	OceanDNA-b43720
community843	OceanDNA-b34274
community844	OceanDNA-b43720
community844	OceanDNA-b28102
community814	OceanDNA-b43720
community814	OceanDNA-b3549
community846	OceanDNA-b43720
community846	OceanDNA-b42863
community878	OceanDNA-b43720
community878	OceanDNA-b42826
community848	OceanDNA-b43720
community848	OceanDNA-b23948
community849	OceanDNA-b43720
community849	OceanDNA-b43761
community850	OceanDNA-b43720
community850	OceanDNA-b35288
community882	OceanDNA-b43720
community882	OceanDNA-b21378
community852	OceanDNA-b43720
community852	OceanDNA-b23917
community853	OceanDNA-b43720
community853	OceanDNA-b34144
community885	OceanDNA-b43720
community885	OceanDNA-b20262
community855	OceanDNA-b43720
community855	OceanDNA-b45289
community856	OceanDNA-b43720
community856	OceanDNA-b35372
community857	OceanDNA-b43720
community857	OceanDNA-b39347
community828	OceanDNA-b43720
community828	OceanDNA-b35519
community859	OceanDNA-b43720
community859	OceanDNA-b19534
community860	OceanDNA-b43720
community860	OceanDNA-b23367
community861	OceanDNA-b43720
community861	OceanDNA-b22982
community862	OceanDNA-b43720
community862	OceanDNA-b35282
community863	OceanDNA-b43720
community863	OceanDNA-b36406
community864	OceanDNA-b43720
community864	OceanDNA-b23561
community836	OceanDNA-b43720
community836	OceanDNA-b23481
community867	OceanDNA-b43720
community867	OceanDNA-b26663
community773	OceanDNA-b43720
community773	OceanDNA-b26901
community868	OceanDNA-b43720
community868	OceanDNA-b43160
community869	OceanDNA-b43720
community869	OceanDNA-b43837
community870	OceanDNA-b43720
community870	OceanDNA-b24254
community871	OceanDNA-b43720
community871	OceanDNA-b35250
community872	OceanDNA-b43720
community872	OceanDNA-b37604
community873	OceanDNA-b43720
community873	OceanDNA-b2517
community874	OceanDNA-b43720
community874	OceanDNA-b33288
community875	OceanDNA-b43720
community875	OceanDNA-b34753
community876	OceanDNA-b43720
community876	OceanDNA-b27593
community877	OceanDNA-b43720
community877	OceanDNA-b17091
community847	OceanDNA-b43720
community847	OceanDNA-b35662
community879	OceanDNA-b43720
community879	OceanDNA-b38322
community911	OceanDNA-b43720
community911	OceanDNA-b35112
community881	OceanDNA-b43720
community881	OceanDNA-b22991
community851	OceanDNA-b43720
community851	OceanDNA-b28646
community883	OceanDNA-b43720
community883	OceanDNA-b11041
community884	OceanDNA-b43720
community884	OceanDNA-b33283
community854	OceanDNA-b43720
community854	OceanDNA-b35150
community886	OceanDNA-b43720
community886	OceanDNA-b40892
community887	OceanDNA-b43720
community887	OceanDNA-b24311
community888	OceanDNA-b43720
community888	OceanDNA-b22417
community889	OceanDNA-b43720
community889	OceanDNA-b20946
community890	OceanDNA-b43720
community890	OceanDNA-b35493
community891	OceanDNA-b43720
community891	OceanDNA-b38354
community892	OceanDNA-b43720
community892	OceanDNA-b24650
community893	OceanDNA-b43720
community893	OceanDNA-b35448
community894	OceanDNA-b43720
community894	OceanDNA-b513
community895	OceanDNA-b43720
community895	OceanDNA-b36832
community896	OceanDNA-b43720
community896	OceanDNA-b29612
community897	OceanDNA-b43720
community897	OceanDNA-b42835
community898	OceanDNA-b43720
community898	OceanDNA-b23918
community899	OceanDNA-b43720
community899	OceanDNA-b43657
community900	OceanDNA-b43720
community900	OceanDNA-b43084
community901	OceanDNA-b43720
community901	OceanDNA-b42837
community902	OceanDNA-b43720
community902	OceanDNA-b35793
community903	OceanDNA-b43720
community903	OceanDNA-b45986
community904	OceanDNA-b43720
community904	OceanDNA-b19962
community905	OceanDNA-b43720
community905	OceanDNA-b26636
community906	OceanDNA-b43720
community906	OceanDNA-b46299
community907	OceanDNA-b43720
community907	OceanDNA-b23364
community908	OceanDNA-b43720
community908	OceanDNA-b23372
community909	OceanDNA-b43720
community909	OceanDNA-b21359
community910	OceanDNA-b43720
community910	OceanDNA-b17085
community912	OceanDNA-b43720
community912	OceanDNA-b17776
community880	OceanDNA-b43720
community880	OceanDNA-b43060
community913	OceanDNA-b43720
community913	OceanDNA-b45032
community914	OceanDNA-b43720
community914	OceanDNA-b27579
community915	OceanDNA-b43720
community915	OceanDNA-b44823
community916	OceanDNA-b43720
community916	OceanDNA-b36668
community917	OceanDNA-b43720
community917	OceanDNA-b40120
community918	OceanDNA-b43720
community918	OceanDNA-b41320
community919	OceanDNA-b43720
community919	OceanDNA-b27586
community920	OceanDNA-b43720
community920	OceanDNA-b17135
community921	OceanDNA-b43720
community921	OceanDNA-b518
community922	OceanDNA-b43720
community922	OceanDNA-b35154
community923	OceanDNA-b43720
community923	OceanDNA-b23915
community924	OceanDNA-b43720
community924	OceanDNA-b13166
community925	OceanDNA-b43720
community925	OceanDNA-b11479
community926	OceanDNA-b43720
community926	OceanDNA-b24297
community927	OceanDNA-b43720
community927	OceanDNA-b12046
community928	OceanDNA-b43720
community928	OceanDNA-b35240
community929	OceanDNA-b43720
community929	OceanDNA-b30027
community930	OceanDNA-b43720
community930	OceanDNA-b38873
community931	OceanDNA-b43720
community931	OceanDNA-b30031
community932	OceanDNA-b43720
community932	OceanDNA-b23905
community933	OceanDNA-b43720
community933	OceanDNA-b23468
community934	OceanDNA-b43720
community934	OceanDNA-b19450
community935	OceanDNA-b43720
community935	OceanDNA-b24610
community936	OceanDNA-b43720
community936	OceanDNA-b26879
community937	OceanDNA-b43720
community937	OceanDNA-b36407
community938	OceanDNA-b43720
community938	OceanDNA-b30774
community939	OceanDNA-b43720
community939	OceanDNA-b17829
community940	OceanDNA-b43720
community940	OceanDNA-b30788
community941	OceanDNA-b43720
community941	OceanDNA-b35320
community942	OceanDNA-b43720
community942	OceanDNA-b35385
community943	OceanDNA-b43720
community943	OceanDNA-b42847
community944	OceanDNA-b43720
community944	OceanDNA-b22314
community945	OceanDNA-b43720
community945	OceanDNA-b17086
community946	OceanDNA-b43720
community946	OceanDNA-b43422
community947	OceanDNA-b43720
community947	OceanDNA-b36650
community948	OceanDNA-b43720
community948	OceanDNA-b31514
community949	OceanDNA-b43720
community949	OceanDNA-b30221
community950	OceanDNA-b43720
community950	OceanDNA-b22992
community951	OceanDNA-b43720
community951	OceanDNA-b42838
community952	OceanDNA-b43720
community952	OceanDNA-b38547
community953	OceanDNA-b43720
community953	OceanDNA-b24705
community954	OceanDNA-b43720
community954	OceanDNA-b3332
community955	OceanDNA-b43720
community955	OceanDNA-b35511
community956	OceanDNA-b43720
community956	OceanDNA-b23271
community957	OceanDNA-b43720
community957	OceanDNA-b29553
community958	OceanDNA-b43720
community958	OceanDNA-b3477
community959	OceanDNA-b43720
community959	OceanDNA-b30841
community960	OceanDNA-b43720
community960	OceanDNA-b13447
community961	OceanDNA-b43720
community961	OceanDNA-b32722
community962	OceanDNA-b43720
community962	OceanDNA-b23901
community963	OceanDNA-b43720
community963	OceanDNA-b32793
community964	OceanDNA-b43720
community964	OceanDNA-b43678
community965	OceanDNA-b43720
community965	OceanDNA-b38311
community966	OceanDNA-b43720
community966	OceanDNA-b17181
community967	OceanDNA-b43720
community967	OceanDNA-b30842
community968	OceanDNA-b43720
community968	OceanDNA-b34266
community969	OceanDNA-b43720
community969	OceanDNA-b22496
community970	OceanDNA-b43720
community970	OceanDNA-b34222
community971	OceanDNA-b43720
community971	OceanDNA-b2829
community972	OceanDNA-b43720
community972	OceanDNA-b35313
community973	OceanDNA-b43720
community973	OceanDNA-b34938
community974	OceanDNA-b43720
community974	OceanDNA-b38182
community975	OceanDNA-b43720
community975	OceanDNA-b43377
community976	OceanDNA-b43720
community976	OceanDNA-b22398
community977	OceanDNA-b43720
community977	OceanDNA-b23966
community978	OceanDNA-b43720
community978	OceanDNA-b30785
community979	OceanDNA-b43720
community979	OceanDNA-b34230
community980	OceanDNA-b43720
community980	OceanDNA-b43110
community981	OceanDNA-b43720
community981	OceanDNA-b17136
community982	OceanDNA-b43720
community982	OceanDNA-b34234
community983	OceanDNA-b43720
community983	OceanDNA-b30169
community984	OceanDNA-b43720
community984	OceanDNA-b13498
community985	OceanDNA-b43720
community985	OceanDNA-b23435
community986	OceanDNA-b43720
community986	OceanDNA-b31149
community987	OceanDNA-b43720
community987	OceanDNA-b38359
community988	OceanDNA-b43720
community988	OceanDNA-b35256
community989	OceanDNA-b43720
community989	OceanDNA-b23047
community990	OceanDNA-b43720
community990	OceanDNA-b13598
community991	OceanDNA-b43720
community991	OceanDNA-b23348
community992	OceanDNA-b43720
community992	OceanDNA-b35479
community993	OceanDNA-b43720
community993	OceanDNA-b26605
community994	OceanDNA-b43720
community994	OceanDNA-b23919
community995	OceanDNA-b43720
community995	OceanDNA-b32284
community996	OceanDNA-b43720
community996	OceanDNA-b50
community997	OceanDNA-b43720
community997	OceanDNA-b29555
community998	OceanDNA-b43720
community998	OceanDNA-b23379
community999	OceanDNA-b43720
community999	OceanDNA-b44692
community1000	OceanDNA-b43720
community1000	OceanDNA-b42807
